2025-04-11 20:04:42,bitcoin,83433,39741131600,4.94765,sell,10,executed
2025-04-11 20:16:22,bitcoin,83358,39663670516,4.77387,none,0,no_signal
2025-04-11 20:21:27,bitcoin,83347,39580241391,4.76005,none,0,no_signal
2025-04-11 20:24:30,bitcoin,83307,39547386199,4.7791,none,0,no_signal
2025-04-11 20:27:11,bitcoin,83285,37556166008,4.75139,sell,10,executed
2025-04-11 20:27:34,bitcoin,83282,37553497431,4.79494,sell,10,executed
2025-04-11 20:52:38,bitcoin,83426,39370992561,5.30282,sell,10,executed
2025-04-11 21:22:57,bitcoin,83243,38665852390,4.75977,sell,10,executed
2025-04-11 21:39:41,bitcoin,83163,38305719628,4.28907,none,0,no_signal
2025-04-11 21:57:51,bitcoin,83185,38152205055,3.69816,none,0,no_signal
2025-04-11 21:58:27,bitcoin,83173,38042508671,3.68376,none,0,no_signal
2025-04-11 22:06:22,bitcoin,83203,36604754719,3.72084,none,0,no_signal
2025-04-11 22:14:16,bitcoin,83193,37569874325,3.69804,none,0,no_signal
2025-04-11 22:14:16,ethereum,1551.54,13194067649,1.00584,none,0,no_signal
2025-04-11 22:23:13,bitcoin,83170.0,37551481304.0,3.47967,none,0,no_signal
2025-04-11 22:23:13,ethereum,1551.23,13196670546.0,0.90788,none,0,no_signal
2025-04-11 22:51:13,bitcoin,83163.0,37039265985.0,3.42266,none,0,no_signal
2025-04-11 22:51:13,ethereum,1553.7,13004553351.0,0.96067,none,0,no_signal
2025-04-11 23:02:55,bitcoin,82924.0,37066106037.0,3.23802,none,0,no_signal
2025-04-11 23:02:56,ethereum,1549.64,12656095338.0,0.89454,none,0,no_signal
2025-04-11 23:36:26,bitcoin,82995,35012505634.59043,3.033951465558381,none,0,no_signal
2025-04-11 23:36:46,ethereum,1551.25,12787318742.085888,0.8356585084037212,none,0,no_signal
2025-04-11 23:37:06,litecoin,75.26,355395193.8386788,0.1445255437196754,none,0,no_signal
2025-04-11 23:37:06,litecoin,75.26,355395193.8386788,0.1445255437196754,none,0,no_signal
2025-04-12 00:09:49,bitcoin,82899,36435973142.86299,2.6537394955268683,none,0,no_signal
2025-04-12 00:10:09,wrapped-bitcoin,82843,367419146.2112478,2.5170090405145653,none,0,no_signal
2025-04-12 00:10:29,hyperliquid,15.29,141030194.75965977,2.6190435064425928,none,0,no_signal
2025-04-12 00:10:49,coinbase-wrapped-btc,82890,296137043.4368942,2.6123805238410283,none,0,no_signal
2025-04-12 00:19:11,bitcoin,82893,36360883001.575134,2.5554557348894527,none,0,no_signal
2025-04-12 00:19:31,wrapped-bitcoin,82823,363083164.70590097,2.5010736064803587,none,0,no_signal
2025-04-12 00:24:40,bitcoin,82946,36311553779.40603,2.612671599229504,none,0,no_signal
2025-04-12 00:25:00,wrapped-bitcoin,82915,363893841.92713684,2.6353218896972344,none,0,no_signal
2025-04-12 00:25:20,coinbase-wrapped-btc,82995,294819646.6936778,2.6336997130715374,none,0,no_signal
2025-04-12 00:30:46,bitcoin,83084,36419941093.64819,2.682354499602172,none,0,no_signal
2025-04-12 00:31:06,wrapped-bitcoin,82994,367427304.859622,2.664133454396038,none,0,no_signal
2025-04-12 00:31:26,shiba-inu,1.213e-05,160036634.76095203,2.0917640377709876,none,0,no_signal
2025-04-12 00:39:14,bitcoin,83018,36844922774.12319,2.7527883437540797,none,0,no_signal
2025-04-12 00:39:34,wrapped-bitcoin,82981,366773070.4482337,2.7531548553274465,none,0,no_signal
2025-04-12 00:54:30,bitcoin,83146.0,36671396604.111336,2.9429998495638814,none,0,no_signal
2025-04-12 00:54:34,wrapped-bitcoin,83154.0,368973798.8091397,2.881732991342475,none,0,no_signal
2025-04-12 01:05:49,wrapped-bitcoin,83184,372086618,3.07934,buy,10,executed
2025-04-12 01:05:53,shiba-inu,1.219e-05,161194702,2.91149,buy,10,executed
2025-04-12 01:30:58,bitcoin,83354.0,34618225130.0,3.30465,buy,10,executed
2025-04-12 01:31:32,wrapped-bitcoin,83307.0,375930357.0,3.253,none,0,no_signal
2025-04-12 01:32:05,chainlink,12.66,362830764.0,2.30965,none,0,no_signal
2025-04-12 01:32:39,shiba-inu,1.225e-05,153201655.0,3.09361,none,0,no_signal
2025-04-12 01:33:12,polkadot,3.57,132764585.0,2.2035,buy,10,executed
2025-04-12 01:33:46,hyperliquid,15.41,136525711.0,2.16686,none,0,no_signal
2025-04-12 01:34:20,coinbase-wrapped-btc,83337.0,299899854.0,3.16452,buy,10,executed
2025-04-12 01:34:54,render-token,3.82,290957070.0,5.71893,none,0,no_signal
2025-04-12 01:35:27,kaspa,0.074294,132160237.0,3.57943,none,0,no_signal
2025-04-12 01:36:02,arbitrum,0.299123,110173889.0,2.35214,none,0,no_signal
2025-04-12 02:16:02,bitcoin,83467.0,36207860375.0,2.97994,none,0,no_signal
2025-04-12 02:16:35,wrapped-bitcoin,83456.0,374433827.0,3.00714,buy,10,executed
2025-04-12 02:17:11,shiba-inu,1.225e-05,152385389.0,2.111,none,0,no_signal
2025-04-12 02:17:44,bitget-token,4.33,125168922.0,2.07112,none,0,no_signal
2025-04-12 02:18:18,hyperliquid,15.61,131247311.0,3.37806,none,0,no_signal
2025-04-12 02:18:51,coinbase-wrapped-btc,83481.0,295669018.0,3.04735,buy,10,executed
2025-04-12 02:19:25,render-token,3.86,287822449.0,6.27352,none,0,no_signal
2025-04-12 02:19:58,kaspa,0.074341,127996279.0,2.22733,buy,10,executed
2025-04-12 02:20:32,bitcoin,83439.0,34917554217.0,2.94001,buy,10,executed
2025-04-12 02:21:06,wrapped-bitcoin,83431.0,361121428.0,3.00031,none,0,no_signal
2025-04-12 02:21:41,shiba-inu,1.225e-05,152000041.0,2.20256,none,0,no_signal
2025-04-12 02:22:16,bitget-token,4.32,125523986.0,2.09824,none,0,no_signal
2025-04-12 02:22:49,hyperliquid,15.65,131270554.0,3.32279,none,0,no_signal
2025-04-12 02:23:24,coinbase-wrapped-btc,83417.0,294951537.0,3.0647,none,0,no_signal
2025-04-12 02:23:57,render-token,3.86,287452571.0,6.03556,none,0,no_signal
2025-04-12 02:24:31,kaspa,0.074323,127177205.0,2.35283,none,0,no_signal
2025-04-12 02:25:06,bitcoin,83472.0,35962488341.0,3.07371,none,0,no_signal
2025-04-12 02:25:40,wrapped-bitcoin,83429.0,347069285.0,2.98718,none,0,no_signal
2025-04-12 02:26:15,shiba-inu,1.226e-05,151779787.0,2.1936,none,0,no_signal
2025-04-12 02:26:48,bitget-token,4.33,125480450.0,2.16517,none,0,no_signal
2025-04-12 02:27:22,hyperliquid,15.7,134982066.0,3.69909,none,0,no_signal
2025-04-12 02:27:54,coinbase-wrapped-btc,83554.0,294900499.0,3.30008,none,0,no_signal
2025-04-12 10:09:33,bitcoin,84449.0,26585627603.0,2.2197,buy,10,executed
2025-04-12 10:10:07,solana,128.9,4130588658.0,7.08587,none,0,no_signal
2025-04-12 10:10:42,stellar,0.245084,145890822.0,4.56522,none,0,no_signal
2025-04-12 10:11:19,shiba-inu,1.246e-05,136999513.0,3.56565,none,0,no_signal
2025-04-12 10:11:54,bitcoin-cash,322.97,202880588.0,5.25169,none,0,no_signal
2025-04-12 10:12:28,bitget-token,4.45,104738681.0,3.83471,none,0,no_signal
2025-04-12 10:13:02,hyperliquid,15.97,120092168.0,5.30944,none,0,no_signal
2025-04-12 10:13:35,pi-network,0.750244,536702270.0,23.83757,none,0,no_signal
2025-04-12 10:14:09,uniswap,5.47,107161567.0,4.98916,none,0,no_signal
2025-04-12 10:14:44,coinbase-wrapped-btc,84573.0,245081250.0,2.46946,none,0,no_signal
2025-04-12 10:15:19,pepe,7.18e-06,506205612.0,4.25595,buy,10,executed
2025-04-12 10:15:55,mantle,0.712237,278732219.0,2.94198,none,0,no_signal
2025-04-12 10:16:33,render-token,3.9,216423128.0,4.77776,none,0,no_signal
2025-04-12 10:17:08,official-trump,8.38,293721579.0,4.59618,none,0,no_signal
2025-04-12 10:25:17,binancecoin,596.49,513346489.0,2.21025,none,0,no_signal
2025-04-12 10:25:50,solana,129.47,4152514529.0,8.69256,none,0,no_signal
2025-04-12 10:26:25,stellar,0.245613,147015113.0,5.55572,none,0,no_signal
2025-04-12 10:27:00,the-open-network,3.02,203113925.0,2.9969,buy,10,executed
2025-04-12 10:27:33,shiba-inu,1.249e-05,137874113.0,4.34184,none,0,no_signal
2025-04-12 10:28:07,bitcoin-cash,325.23,178596492.0,7.10904,none,0,no_signal
2025-04-12 10:28:40,hyperliquid,16.19,122449574.0,7.43367,none,0,no_signal
2025-04-12 10:29:14,bitget-token,4.48,104845971.0,5.33658,buy,10,executed
2025-04-12 10:29:47,pi-network,0.775201,553148237.0,28.69464,none,0,no_signal
2025-04-12 10:30:21,uniswap,5.52,110364646.0,6.83416,buy,10,executed
2025-04-12 10:30:55,coinbase-wrapped-btc,84687.0,244655210.0,4.28302,none,0,no_signal
2025-04-12 10:31:28,pepe,7.24e-06,514377107.0,5.68145,buy,10,executed
2025-04-12 10:33:39,binancecoin,597.26,484712339.0,2.4565,none,0,no_signal
2025-04-12 10:34:12,solana,130.12,4290205089.0,9.06041,none,0,no_signal
2025-04-12 10:34:47,stellar,0.246633,147094791.0,5.92501,none,0,no_signal
2025-04-12 10:35:22,the-open-network,3.02,207578183.0,3.11671,buy,10,executed
2025-04-12 10:35:57,shiba-inu,1.254e-05,139349717.0,4.62975,none,0,no_signal
2025-04-12 10:36:31,bitcoin-cash,329.15,176948346.0,7.91369,none,0,no_signal
2025-04-12 10:37:04,hyperliquid,16.16,123781099.0,7.61735,none,0,no_signal
2025-04-12 10:37:39,bitget-token,4.4,111003178.0,2.6902,buy,10,executed
2025-04-12 10:38:13,pi-network,0.779725,557192286.0,29.1962,none,0,no_signal
2025-04-12 10:38:48,uniswap,5.54,120721966.0,6.90644,buy,10,executed
2025-04-12 10:39:21,coinbase-wrapped-btc,84893.0,248687624.0,3.62062,none,0,no_signal
2025-04-12 10:39:54,pepe,7.24e-06,519947627.0,5.4949,none,0,no_signal
2025-04-12 10:40:28,near,2.2,141793884.0,6.32406,none,0,no_signal
2025-04-12 10:41:02,mantle,0.714716,280307699.0,3.44396,none,0,no_signal
2025-04-12 10:41:35,aave,146.58,204735930.0,8.94909,none,0,no_signal
2025-04-12 10:42:09,render-token,3.96,223419968.0,6.64574,none,0,no_signal
2025-04-12 10:43:39,binancecoin,598.94,526801585.0,2.81352,none,0,no_signal
2025-04-12 10:44:13,solana,130.27,4290482064.0,9.1482,none,0,no_signal
2025-04-12 10:44:47,stellar,0.247772,149726026.0,6.17723,none,0,no_signal
2025-04-12 10:45:23,the-open-network,3.01,207811640.0,2.77905,none,0,no_signal
2025-04-12 10:45:58,shiba-inu,1.255e-05,139907995.0,4.62057,none,0,no_signal
2025-04-12 10:46:33,bitcoin-cash,329.44,179579504.0,7.84424,buy,10,executed
2025-04-12 10:47:08,hyperliquid,16.12,119969820.0,7.2245,none,0,no_signal
2025-04-12 10:47:41,pi-network,0.777526,572906793.0,28.80301,none,0,no_signal
2025-04-12 10:48:15,bitget-token,4.42,109508389.0,3.65078,none,0,no_signal
2025-04-12 10:48:49,uniswap,5.53,121519013.0,6.43379,buy,10,executed
2025-04-12 10:49:22,coinbase-wrapped-btc,84797.0,248542681.0,3.16384,buy,10,executed
2025-04-12 10:49:57,pepe,7.22e-06,524225940.0,4.87013,none,0,no_signal
2025-04-12 10:50:30,near,2.19,147195006.0,5.96274,none,0,no_signal
2025-04-12 10:51:03,mantle,0.714958,280573286.0,3.28676,none,0,no_signal
2025-04-12 10:51:36,aave,146.65,207943474.0,8.80006,none,0,no_signal
2025-04-12 10:52:10,render-token,3.94,224266268.0,6.03632,none,0,no_signal
2025-04-12 10:52:45,binancecoin,598.54,530410142.0,2.6584,buy,10,executed
2025-04-12 10:56:17,bitcoin,84928.0,27778304640.0,3.60867,none,0,no_signal
2025-04-12 10:57:55,bitcoin,84932.0,27713474316.0,3.61358,none,0,no_signal
2025-04-12 10:58:31,binancecoin,599.03,531959909.0,2.68838,none,0,no_signal
2025-04-12 10:59:06,solana,130.71,4337038687.0,9.23723,none,0,no_signal
2025-04-12 10:59:42,stellar,0.247625,151826633.0,6.08541,none,0,no_signal
2025-04-12 11:00:16,the-open-network,2.99,206797434.0,2.04772,none,0,no_signal
2025-04-12 11:00:51,shiba-inu,1.256e-05,141247598.0,4.49922,none,0,insufficient_funds
2025-04-12 11:01:27,bitcoin-cash,328.69,178577772.0,7.61196,none,0,no_signal
2025-04-12 11:02:03,hyperliquid,15.96,124737971.0,6.5341,none,0,no_signal
2025-04-12 11:02:39,pi-network,0.768078,584036433.0,27.55568,none,0,no_signal
2025-04-12 11:03:15,bitget-token,4.44,109015617.0,3.9741,none,0,no_signal
2025-04-12 11:03:51,uniswap,5.54,122677114.0,7.17228,none,0,insufficient_funds
2025-04-12 11:04:28,coinbase-wrapped-btc,84905.0,244568300.0,3.67418,none,0,no_signal
2025-04-12 11:05:03,pepe,7.22e-06,507448396.0,5.09777,none,0,no_signal
2025-04-12 11:05:38,near,2.2,146903860.0,6.69432,none,0,no_signal
2025-04-12 11:06:14,mantle,0.716124,281187900.0,3.62619,none,0,no_signal
2025-04-12 11:06:51,aave,147.78,213467437.0,9.76562,none,0,no_signal
2025-04-12 11:07:27,render-token,3.93,220366643.0,5.89775,none,0,no_signal
2025-04-12 11:08:04,filecoin,2.53,101042405.0,4.70308,none,0,no_signal
2025-04-12 11:08:40,worldcoin-wld,0.784702,101830036.0,9.45732,none,0,no_signal
2025-04-12 11:09:15,bitcoin,84733.0,27511817655.0,3.41469,none,0,no_signal
2025-04-12 11:09:49,binancecoin,598.5,531581853.0,2.50879,none,0,insufficient_funds
2025-04-12 11:10:27,solana,130.38,4390188547.0,9.28838,none,0,no_signal
2025-04-12 11:11:03,stellar,0.246561,157494522.0,5.93328,none,0,no_signal
2025-04-12 11:11:39,the-open-network,2.98,210131845.0,1.7374,none,0,no_signal
2025-04-12 11:12:13,shiba-inu,1.253e-05,139471559.0,4.22096,none,0,no_signal
2025-04-12 11:12:47,bitcoin-cash,329.63,178714164.0,7.94371,none,0,no_signal
2025-04-12 11:13:24,hyperliquid,15.83,127957678.0,5.97312,none,0,no_signal
2025-04-12 11:13:59,pi-network,0.768113,566998642.0,27.66038,none,0,no_signal
2025-04-12 11:14:34,bitget-token,4.43,108951131.0,3.5055,none,0,no_signal
2025-04-12 11:15:11,uniswap,5.52,121725260.0,6.57849,none,0,no_signal
2025-04-12 11:15:49,coinbase-wrapped-btc,84617.0,245039441.0,3.37441,none,0,insufficient_funds
2025-04-12 11:16:25,pepe,7.18e-06,515165397.0,4.64545,none,0,insufficient_funds
2025-04-12 11:17:03,near,2.19,146693814.0,6.49902,none,0,no_signal
2025-04-12 11:17:37,mantle,0.715146,281146108.0,3.41618,none,0,no_signal
2025-04-12 11:18:11,aave,147.33,215008375.0,9.58952,none,0,no_signal
2025-04-12 11:18:45,render-token,3.91,222753122.0,5.8421,none,0,no_signal
2025-04-12 11:19:23,filecoin,2.54,101921753.0,5.0992,none,0,no_signal
2025-04-12 11:19:58,worldcoin-wld,0.782961,103165688.0,9.39516,none,0,no_signal
2025-04-12 11:20:35,bitcoin,84831.0,27537125565.0,3.52971,none,0,insufficient_funds
2025-04-12 11:21:11,binancecoin,598.49,533987268.0,2.44386,none,0,no_signal
2025-04-12 11:21:45,solana,130.57,4339893098.0,9.9096,none,0,no_signal
2025-04-12 11:22:20,stellar,0.246943,149780626.0,6.17608,none,0,no_signal
2025-04-12 11:22:55,the-open-network,2.99,213286748.0,2.1916,none,0,no_signal
2025-04-12 11:23:29,shiba-inu,1.258e-05,140108393.0,4.84314,none,0,no_signal
2025-04-12 11:24:05,bitcoin-cash,338.33,200243984.0,10.85949,none,0,no_signal
2025-04-12 11:24:40,hyperliquid,15.74,128931359.0,5.64463,none,0,no_signal
2025-04-12 11:25:16,pi-network,0.769634,599063760.0,27.77134,none,0,no_signal
2025-04-12 11:25:51,bitget-token,4.44,104601003.0,3.27827,none,0,no_signal
2025-04-12 11:26:24,uniswap,5.54,122458686.0,6.8752,none,0,no_signal
2025-04-12 11:27:01,coinbase-wrapped-btc,85047.0,246177604.0,3.53104,none,0,no_signal
2025-04-12 11:27:37,pepe,7.21e-06,511474385.0,4.9692,none,0,no_signal
2025-04-12 11:28:14,near,2.2,148181501.0,6.70415,none,0,no_signal
2025-04-12 11:28:48,mantle,0.716033,281481972.0,3.39001,none,0,no_signal
2025-04-12 11:29:22,aave,147.53,212379159.0,9.68782,none,0,insufficient_funds
2025-04-12 11:29:57,render-token,3.92,222778337.0,6.08462,none,0,no_signal
2025-04-12 11:30:35,filecoin,2.55,103954883.0,5.55003,none,0,no_signal
2025-04-12 11:31:12,worldcoin-wld,0.784976,99197469.0,9.449,none,0,insufficient_funds
2025-04-12 11:32:08,bitcoin,85047.0,27616732722.0,3.43852,none,0,no_signal
2025-04-12 11:32:46,ethereum,1659.22,11566018858.0,6.23279,none,0,no_signal
2025-04-12 11:33:20,binancecoin,599.02,490854377.0,2.4702,none,0,no_signal
2025-04-12 11:33:56,solana,130.98,3798205939.0,9.77359,none,0,no_signal
2025-04-12 11:34:32,stellar,0.247519,149655093.0,6.24363,none,0,insufficient_funds
2025-04-12 11:35:05,the-open-network,3.01,209538664.0,2.50567,none,0,no_signal
2025-04-12 11:35:40,shiba-inu,1.261e-05,140610178.0,4.81019,none,0,no_signal
2025-04-12 11:36:15,bitcoin-cash,347.41,208811212.0,12.73627,none,0,no_signal
2025-04-12 11:36:50,bitget-token,4.45,104242678.0,3.24821,none,0,no_signal
2025-04-12 11:37:25,pi-network,0.761008,602611344.0,25.80516,none,0,no_signal
2025-04-12 11:37:59,hyperliquid,15.85,129551671.0,6.20788,none,0,no_signal
2025-04-12 11:38:36,uniswap,5.54,123110726.0,6.27456,none,0,insufficient_funds
2025-04-12 11:39:12,coinbase-wrapped-btc,85178.0,224431720.0,3.27315,none,0,no_signal
2025-04-12 11:39:47,pepe,7.23e-06,523019914.0,4.92208,none,0,no_signal
2025-04-12 11:40:23,mantle,0.716568,281522142.0,3.39928,none,0,no_signal
2025-04-12 11:41:02,aave,147.89,213322475.0,9.36939,none,0,no_signal
2025-04-12 11:41:36,render-token,3.92,218972661.0,5.98037,none,0,no_signal
2025-04-12 11:42:13,sonic-3,0.52785,157885640.0,11.44766,none,0,insufficient_funds
2025-04-12 11:42:47,filecoin,2.55,104496387.0,4.98612,none,0,no_signal
2025-04-12 11:43:23,curve-dao-token,0.647912,238045389.0,5.05629,none,0,no_signal
2025-04-12 11:44:00,bitcoin,85173.0,27418868942.0,3.34263,none,0,no_signal
2025-04-12 11:44:35,ethereum,1661.48,11600621430.0,6.06919,none,0,no_signal
2025-04-12 11:45:11,binancecoin,599.6,536610176.0,2.51425,none,0,no_signal
2025-04-12 11:45:47,solana,131.12,4358302876.0,9.62177,none,0,no_signal
2025-04-12 11:46:22,stellar,0.248118,150334947.0,6.47138,none,0,no_signal
2025-04-12 11:46:57,the-open-network,3.01,215905662.0,2.44912,none,0,insufficient_funds
2025-04-12 11:47:32,shiba-inu,1.264e-05,140910078.0,5.04189,none,0,insufficient_funds
2025-04-12 11:48:06,bitcoin-cash,348.32,211123896.0,13.14394,none,0,no_signal
2025-04-12 11:48:42,bitget-token,4.45,103236987.0,3.01003,none,0,no_signal
2025-04-12 11:49:20,pi-network,0.768681,607296790.0,27.03825,none,0,no_signal
2025-04-12 11:49:58,hyperliquid,15.94,129734960.0,6.33757,none,0,no_signal
2025-04-12 11:50:34,uniswap,5.53,123392296.0,5.88068,none,0,no_signal
2025-04-12 11:51:10,coinbase-wrapped-btc,85129.0,246460205.0,3.12499,none,0,no_signal
2025-04-12 11:51:46,pepe,7.23e-06,516496890.0,4.90882,none,0,insufficient_funds
2025-04-12 11:52:20,mantle,0.718598,283341662.0,3.6071,none,0,no_signal
2025-04-12 11:52:57,aave,148.25,216777484.0,9.41426,none,0,no_signal
2025-04-12 11:53:32,render-token,3.94,229032310.0,6.71454,none,0,no_signal
2025-04-12 11:54:13,sonic-3,0.52575,158752440.0,10.92692,none,0,insufficient_funds
2025-04-12 11:54:50,filecoin,2.55,104224981.0,4.60751,none,0,no_signal
2025-04-12 11:55:29,curve-dao-token,0.637316,244811107.0,4.39205,none,0,no_signal
2025-04-12 11:56:05,bitcoin,85058.0,27448953874.0,3.12499,none,0,no_signal
2025-04-12 11:56:40,ethereum,1657.36,11634446656.0,5.92708,none,0,no_signal
2025-04-12 11:57:16,binancecoin,599.25,540906668.0,2.43354,none,0,insufficient_funds
2025-04-12 11:57:52,solana,130.66,4350338479.0,9.04862,none,0,no_signal
2025-04-12 11:58:28,stellar,0.247718,150549811.0,6.82963,none,0,insufficient_funds
2025-04-12 11:59:03,the-open-network,2.99,217100637.0,2.01972,none,0,no_signal
2025-04-12 11:59:37,shiba-inu,1.259e-05,141626583.0,4.73844,none,0,no_signal
2025-04-12 12:00:12,bitcoin-cash,347.32,211840923.0,12.1806,none,0,no_signal
2025-04-12 12:00:47,bitget-token,4.42,102914059.0,2.55405,none,0,no_signal
2025-04-12 12:01:24,pi-network,0.763635,611235412.0,26.39895,none,0,no_signal
2025-04-12 12:01:58,hyperliquid,15.93,130020300.0,5.8447,none,0,no_signal
2025-04-12 12:02:36,uniswap,5.52,123175084.0,6.03928,none,0,insufficient_funds
2025-04-12 12:03:12,coinbase-wrapped-btc,85005.0,243822958.0,3.11402,none,0,no_signal
2025-04-12 12:03:47,pepe,7.28e-06,542918616.0,5.83078,none,0,insufficient_funds
2025-04-12 12:04:23,mantle,0.718429,283078514.0,3.54216,none,0,no_signal
2025-04-12 12:04:58,aave,147.89,224079970.0,9.47807,none,0,no_signal
2025-04-12 12:05:36,render-token,3.96,231830136.0,7.09865,none,0,no_signal
2025-04-12 12:06:16,sonic-3,0.526425,159067205.0,11.32339,none,0,no_signal
2025-04-12 12:06:51,filecoin,2.55,103686229.0,4.88349,none,0,no_signal
2025-04-12 12:07:26,curve-dao-token,0.641466,246652243.0,4.8259,none,0,no_signal
2025-04-12 12:08:22,ethereum,1656.6,11650178227.0,6.0186,none,0,no_signal
2025-04-12 12:08:57,binancecoin,598.92,543978880.0,2.46829,none,0,insufficient_funds
2025-04-12 12:09:31,stellar,0.247443,149308374.0,6.79342,none,0,no_signal
2025-04-12 12:10:06,shiba-inu,1.26e-05,141718329.0,5.11644,none,0,no_signal
2025-04-12 12:10:41,bitcoin-cash,349.77,222484992.0,12.66549,none,0,insufficient_funds
2025-04-12 12:11:18,hyperliquid,16.05,130938598.0,6.639,none,0,no_signal
2025-04-12 12:11:52,bitget-token,4.41,103411276.0,2.37968,none,0,no_signal
2025-04-12 12:12:27,pi-network,0.76659,617273705.0,27.17222,none,0,no_signal
2025-04-12 12:13:03,uniswap,5.52,121900720.0,6.25954,none,0,no_signal
2025-04-12 12:13:40,coinbase-wrapped-btc,84926.0,242848909.0,3.12508,none,0,no_signal
2025-04-12 12:15:17,ethereum,1654.14,11664266872.0,5.94009,none,0,no_signal
2025-04-12 12:15:51,binancecoin,598.56,544071956.0,2.49791,none,0,no_signal
2025-04-12 12:16:27,stellar,0.247271,149290097.0,6.8137,none,0,no_signal
2025-04-12 12:17:02,shiba-inu,1.258e-05,141971199.0,5.08783,none,0,no_signal
2025-04-12 12:17:37,bitcoin-cash,349.9,217973823.0,13.01691,none,0,no_signal
2025-04-12 12:18:11,hyperliquid,15.85,131224406.0,5.27415,none,0,no_signal
2025-04-12 12:18:47,bitget-token,4.4,103787061.0,2.15084,none,0,no_signal
2025-04-12 12:19:24,pi-network,0.739612,611000475.0,22.76111,none,0,no_signal
2025-04-12 12:37:03,bitcoin,84863.0,27262041717.0,2.79468,none,0,no_signal
2025-04-12 12:37:40,ethereum,1653.88,11725118374.0,5.43974,none,0,no_signal
2025-04-12 12:38:16,binancecoin,597.56,546633784.0,2.10039,none,0,insufficient_funds
2025-04-12 12:38:50,solana,130.86,4425310106.0,9.34362,none,0,no_signal
2025-04-12 12:39:26,dogecoin,0.166624,867240416.0,4.87231,none,0,no_signal
2025-04-12 12:40:02,stellar,0.247507,149904957.0,6.41828,none,0,no_signal
2025-04-12 12:40:38,bitcoin-cash,351.35,220896505.0,13.39492,none,0,no_signal
2025-04-12 12:42:04,bitcoin,84865.0,27121497797.0,2.62886,none,0,no_signal
2025-04-12 12:42:41,ethereum,1653.34,11656293816.0,5.31506,none,0,no_signal
2025-04-12 12:43:19,binancecoin,597.3,547139682.0,2.04123,none,0,no_signal
2025-04-12 12:43:58,solana,130.77,4423784676.0,8.91129,none,0,no_signal
2025-04-12 12:44:36,dogecoin,0.166536,866030610.0,4.63408,none,0,no_signal
2025-04-12 12:45:11,stellar,0.247433,149823138.0,6.34137,none,0,no_signal
2025-04-12 12:45:48,bitcoin-cash,350.21,231404140.0,12.5869,none,0,insufficient_funds
2025-04-12 12:46:24,hyperliquid,15.93,131274103.0,4.67345,none,0,no_signal
2025-04-12 12:47:03,pi-network,0.739382,640150621.0,22.15588,none,0,no_signal
2025-04-12 12:47:39,uniswap,5.53,122660772.0,5.44896,none,0,insufficient_funds
2025-04-12 12:48:14,coinbase-wrapped-btc,84968.0,241956490.0,2.57317,none,0,no_signal
2025-04-12 12:48:50,pepe,7.32e-06,571236022.0,6.0755,none,0,no_signal
2025-04-12 12:49:27,aave,148.13,244690040.0,8.91136,none,0,insufficient_funds
2025-04-12 12:50:03,render-token,3.92,232278835.0,4.32149,none,0,no_signal
2025-04-12 12:50:39,filecoin,2.53,105854718.0,3.53171,none,0,no_signal
2025-04-12 12:51:14,sonic-3,0.516209,164609873.0,9.02515,none,0,insufficient_funds
2025-04-12 12:51:52,bonk,1.343e-05,252158523.0,14.49998,none,0,insufficient_funds
2025-04-12 12:52:28,worldcoin-wld,0.781784,105138644.0,7.78934,none,0,insufficient_funds
2025-04-12 12:53:02,curve-dao-token,0.617322,256949615.0,0.55161,none,0,no_signal
2025-04-12 12:53:42,bitcoin,84658.0,27095312349.0,2.15681,none,0,no_signal
2025-04-12 12:54:19,ethereum,1642.97,10962361380.0,4.68578,none,0,no_signal
2025-04-12 12:54:56,binancecoin,595.99,547226338.0,1.73727,none,0,no_signal
2025-04-12 12:55:32,solana,129.57,4413996583.0,7.71359,none,0,no_signal
2025-04-12 12:56:07,dogecoin,0.16574,864278818.0,4.09809,none,0,no_signal
2025-04-12 12:56:43,stellar,0.24638,149712282.0,5.84851,none,0,no_signal
2025-04-12 12:57:16,bitcoin-cash,350.5,235696325.0,12.57421,none,0,no_signal
2025-04-12 12:57:51,hyperliquid,15.85,130962439.0,3.38535,none,0,no_signal
2025-04-12 12:58:26,pi-network,0.732309,645799259.0,21.09207,none,0,no_signal
2025-04-12 12:59:05,uniswap,5.53,121003078.0,5.58621,none,0,no_signal
2025-04-12 12:59:40,coinbase-wrapped-btc,84683.0,239489571.0,2.22318,none,0,no_signal
2025-04-12 13:00:15,pepe,7.3e-06,554168820.0,5.8272,none,0,no_signal
2025-04-12 13:00:50,aave,147.81,235490518.0,8.87316,none,0,no_signal
2025-04-12 13:01:25,render-token,3.9,229633311.0,4.83306,none,0,no_signal
2025-04-12 13:02:03,filecoin,2.54,103470207.0,4.08875,none,0,no_signal
2025-04-12 13:02:42,sonic-3,0.516738,164174990.0,9.42395,none,0,no_signal
2025-04-12 13:03:16,bonk,1.334e-05,222453055.0,13.98411,none,0,no_signal
2025-04-12 13:03:52,worldcoin-wld,0.782556,105338035.0,8.1537,none,0,no_signal
2025-04-12 13:04:27,curve-dao-token,0.620468,257405696.0,1.49079,none,0,no_signal
2025-04-12 13:05:06,bitcoin,84683.0,26714480154.0,2.28936,none,0,no_signal
2025-04-12 13:05:40,ethereum,1644.17,11705046098.0,4.91904,none,0,no_signal
2025-04-12 13:06:15,binancecoin,596.37,543522802.0,1.64365,none,0,no_signal
2025-04-12 13:06:52,solana,129.49,4398825851.0,7.75082,none,0,no_signal
2025-04-12 13:07:28,dogecoin,0.165908,866035558.0,4.38224,none,0,no_signal
2025-04-12 13:08:06,stellar,0.246181,148316423.0,5.92589,none,0,no_signal
2025-04-12 13:23:24,ripple,2.13,3111607174.0,5.6379,none,0,no_signal
2025-04-12 13:24:00,dogecoin,0.165339,874737660.0,4.08416,none,0,no_signal
2025-04-12 13:24:38,avalanche-2,20.32,322691612.0,5.35927,none,0,no_signal
2025-04-12 13:25:15,the-open-network,3.02,223004623.0,2.46547,none,0,insufficient_funds
2025-04-12 13:42:46,ripple,2.13,3146363683.0,5.13315,none,0,no_signal
2025-04-12 13:43:22,dogecoin,0.165744,868811646.0,3.74399,none,0,no_signal
2025-04-12 20:02:28,solana,132.25,4624515881.0,9.07572,none,0,no_signal
2025-04-12 20:02:29,dogecoin,0.167604,879098572.0,4.84028,none,0,no_signal
2025-04-12 20:02:30,chainlink,13.14,321407917.0,4.03164,none,0,no_signal
2025-04-12 20:02:32,stellar,0.246202,136641360.0,5.34627,none,0,no_signal
2025-04-12 20:02:34,the-open-network,2.98,218855676.0,2.24874,none,0,no_signal
2025-04-12 22:46:55,avalanche-2,20.3,347177503.0,7.1371,none,0,risk_blocked
2025-04-12 22:48:07,bitcoin-cash,339.26,237188912.0,8.35316,none,0,no_signal
2025-04-12 22:49:17,pepe,7.36e-06,632203565.0,7.25853,none,0,risk_blocked
2025-04-12 22:49:18,aave,145.43,241977184.0,7.83533,none,0,risk_blocked
2025-04-12 22:49:36,dogecoin,0.165789,920991539.0,4.65368,none,0,risk_blocked
2025-04-12 22:49:38,solana,132.49,4756996844.0,10.13844,none,0,risk_blocked
2025-04-12 22:50:46,avalanche-2,20.32,348337821.0,7.27963,none,0,risk_blocked
2025-04-12 22:50:47,chainlink,13.07,338824193.0,4.21221,none,0,risk_blocked
2025-04-12 22:50:53,bitcoin-cash,339.4,237334979.0,8.45653,none,0,no_signal
2025-04-12 22:51:58,pepe,7.36e-06,651829827.0,7.37768,none,0,risk_blocked
2025-04-12 22:52:01,curve-dao-token,0.619222,241986159.0,4.31564,none,0,risk_blocked
2025-04-12 22:53:28,solana,132.46,4845884093.0,10.40333,none,0,risk_blocked
2025-04-12 22:53:29,avalanche-2,20.34,348555242.0,7.59442,none,0,no_signal
2025-04-12 22:53:31,chainlink,13.07,338791251.0,4.5028,none,0,risk_blocked
2025-04-12 22:54:44,pepe,7.36e-06,632922054.0,7.34424,none,0,risk_blocked
2025-04-12 22:54:51,ondo-finance,0.912056,208658828.0,2.77718,none,0,risk_blocked
2025-04-12 22:54:51,solana,132.45,4844028724.0,10.39849,none,0,risk_blocked
2025-04-12 22:55:59,aave,145.43,239841336.0,8.12058,none,0,risk_blocked
2025-04-12 22:56:02,hyperliquid,16.17,128647627.0,5.55405,none,0,risk_blocked
2025-04-12 22:56:17,avalanche-2,20.36,349240766.0,7.68115,none,0,no_signal
2025-04-12 22:57:30,pepe,7.36e-06,633369095.0,7.67373,none,0,risk_blocked
2025-04-12 22:57:36,bitcoin-cash,339.79,238072047.0,8.72668,none,0,risk_blocked
2025-04-12 22:58:41,coinbase-wrapped-btc,85178.0,235762855.0,2.85722,none,0,risk_blocked
2025-04-12 22:58:42,sui,2.34,1157545492.0,8.30245,none,0,risk_blocked
2025-04-12 22:58:42,curve-dao-token,0.619399,241654696.0,4.20323,none,0,risk_blocked
2025-04-12 22:59:48,aave,145.56,239802589.0,8.27566,none,0,risk_blocked
2025-04-12 23:00:10,avalanche-2,20.38,350677954.0,7.88735,none,0,risk_blocked
2025-04-12 23:01:25,bitcoin-cash,340.14,238570268.0,8.91889,none,0,no_signal
2025-04-12 23:02:31,sui,2.35,1143915471.0,8.45895,none,0,risk_blocked
2025-04-12 23:02:32,coinbase-wrapped-btc,85344.0,237216306.0,3.08183,none,0,risk_blocked
2025-04-12 23:03:40,hyperliquid,16.28,128203305.0,6.877,none,0,risk_blocked
2025-04-12 23:04:03,avalanche-2,20.38,349197422.0,7.95723,none,0,no_signal
2025-04-12 23:04:06,ondo-finance,0.912192,208129609.0,3.17846,none,0,risk_blocked
2025-04-12 23:05:16,bitcoin-cash,340.28,237507665.0,8.96192,none,0,risk_blocked
2025-04-12 23:06:25,hyperliquid,16.27,128017608.0,6.80786,none,0,risk_blocked
2025-04-12 23:07:54,avalanche-2,20.39,345714720.0,8.01151,none,0,risk_blocked
2025-04-12 23:07:56,pepe,7.37e-06,652193497.0,7.63093,none,0,risk_blocked
2025-04-12 23:07:59,solana,132.78,4857124968.0,10.73042,none,0,risk_blocked
2025-04-12 23:08:00,bitcoin-cash,340.22,237391952.0,9.06386,none,0,risk_blocked
2025-04-12 23:09:05,coinbase-wrapped-btc,85431.0,237396663.0,3.10208,none,0,risk_blocked
2025-04-12 23:09:07,sui,2.36,874743902.0,8.85453,none,0,risk_blocked
2025-04-12 23:09:08,curve-dao-token,0.617012,239013300.0,3.29005,none,0,risk_blocked
2025-04-12 23:10:14,hyperliquid,16.36,126401279.0,7.30336,none,0,risk_blocked
2025-04-12 23:10:17,aave,145.73,239013516.0,8.46774,none,0,risk_blocked
2025-04-12 23:10:29,dogecoin,0.166033,919540906.0,4.97053,none,0,risk_blocked
2025-04-12 23:10:38,ondo-finance,0.912107,248013019.0,3.19188,none,0,risk_blocked
2025-04-12 23:10:39,avalanche-2,20.4,349328884.0,8.05771,none,0,risk_blocked
2025-04-12 23:11:43,pepe,7.36e-06,634149603.0,7.54604,none,0,risk_blocked
2025-04-12 23:11:49,bitcoin-cash,340.23,239819308.0,9.1278,none,0,risk_blocked
2025-04-12 23:11:50,sui,2.36,1070410975.0,9.02322,none,0,risk_blocked
2025-04-12 23:12:59,aave,145.71,238855828.0,8.41711,none,0,risk_blocked
2025-04-12 23:12:59,chainlink,13.08,336807172.0,4.59019,none,0,risk_blocked
2025-04-12 23:13:01,curve-dao-token,0.616807,238755012.0,3.37991,none,0,risk_blocked
2025-04-12 23:14:27,avalanche-2,20.39,349304574.0,7.99112,none,0,no_signal
2025-04-12 23:15:40,bitcoin-cash,340.16,239693128.0,9.08437,none,0,risk_blocked
2025-04-12 23:15:41,sui,2.36,1117825928.0,9.25249,none,0,risk_blocked
2025-04-12 23:17:10,pepe,7.38e-06,635276480.0,7.75735,none,0,risk_blocked
2025-04-12 23:18:18,avalanche-2,20.39,347962324.0,7.93236,none,0,no_signal
2025-04-12 23:18:21,solana,132.68,4863345133.0,10.53068,none,0,risk_blocked
2025-04-12 23:18:21,coinbase-wrapped-btc,85301.0,238020369.0,2.8749,none,0,risk_blocked
2025-04-12 23:19:31,bitcoin-cash,340.25,239700772.0,9.11388,none,0,no_signal
2025-04-12 23:19:31,curve-dao-token,0.616103,238375425.0,3.51168,none,0,risk_blocked
2025-04-12 23:19:32,hyperliquid,16.29,127995016.0,5.8518,none,0,risk_blocked
2025-04-14 18:28:36,solana,129.17,5156750597.0,1.36964,none,0,no_signal
2025-04-14 18:28:38,dogecoin,0.158588,986795798.0,-2.54347,none,0,no_signal
2025-04-14 18:28:39,avalanche-2,20.17,412590000.0,3.5894,none,0,no_signal
2025-04-14 18:28:41,chainlink,12.61,375893580.0,0.5957,none,0,risk_blocked
2025-04-14 18:29:47,sui,2.19,1043099686.0,-1.35132,none,0,no_signal
2025-04-14 18:29:48,bitcoin-cash,324.07,280380630.0,-5.63629,none,0,no_signal
2025-04-14 18:29:49,hyperliquid,15.69,124139014.0,3.61971,none,0,no_signal
2025-04-14 18:29:52,pepe,7.28e-06,752018865.0,1.1438,none,0,no_signal
2025-04-14 18:29:53,coinbase-wrapped-btc,84516.0,381366867.0,1.31887,none,0,no_signal
2025-04-14 18:31:02,aave,137.17,244307087.0,-0.65879,none,0,risk_blocked
2025-04-14 18:31:03,ondo-finance,0.882484,222331735.0,4.05175,none,0,no_signal
2025-04-14 18:31:05,curve-dao-token,0.587933,189479141.0,-1.07878,none,0,no_signal
2025-04-14 18:31:22,avalanche-2,20.17,412580267.0,3.61563,none,0,no_signal
2025-04-14 18:32:26,solana,129.2,5152928548.0,1.55222,none,0,no_signal
2025-04-14 18:32:28,dogecoin,0.158474,986498304.0,-2.41166,none,0,no_signal
2025-04-14 18:32:33,chainlink,12.6,376060725.0,0.77329,none,0,risk_blocked
2025-04-14 18:33:36,sui,2.19,1044956149.0,-0.94272,none,0,risk_blocked
2025-04-14 18:33:41,pepe,7.28e-06,751136138.0,1.36369,none,0,no_signal
2025-04-14 18:33:42,bitcoin-cash,324.03,280298932.0,-5.57817,none,0,no_signal
2025-04-14 18:33:43,hyperliquid,15.7,124155862.0,3.60914,none,0,no_signal
2025-04-14 18:34:51,coinbase-wrapped-btc,84553.0,381271182.0,1.62704,none,0,no_signal
2025-04-14 18:34:51,ondo-finance,0.879234,177101056.0,3.65141,none,0,no_signal
2025-04-14 18:34:59,aave,137.3,244724423.0,-0.3075,none,0,no_signal
2025-04-14 18:34:59,curve-dao-token,0.588184,188631448.0,-1.03654,none,0,no_signal
2025-04-14 18:35:09,solana,129.26,5153775255.0,1.59808,none,0,no_signal
2025-04-14 18:36:18,avalanche-2,20.2,411523048.0,3.89528,none,0,no_signal
2025-04-14 18:36:18,dogecoin,0.158681,985878271.0,-2.28425,none,0,no_signal
2025-04-14 18:36:22,chainlink,12.61,377443611.0,0.84735,none,0,risk_blocked
2025-04-14 18:36:23,sui,2.19,1045114440.0,-0.88591,none,0,risk_blocked
2025-04-14 18:37:33,pepe,7.29e-06,751765200.0,1.80203,none,0,no_signal
2025-04-14 18:37:34,hyperliquid,15.7,124177508.0,4.39425,none,0,no_signal
2025-04-14 18:37:35,bitcoin-cash,324.17,280453383.0,-5.34848,none,0,no_signal
2025-04-14 18:37:35,coinbase-wrapped-btc,84577.0,381200378.0,1.6849,none,0,no_signal
2025-04-14 18:40:13,stellar,0.241659,168676263.0,2.70838,none,0,no_signal
2025-04-14 18:40:13,bitcoin-cash,324.48,281540013.0,-5.25994,none,0,no_signal
2025-04-14 18:40:15,hyperliquid,15.69,124111410.0,4.29744,none,0,no_signal
2025-04-14 18:40:16,ondo-finance,0.880741,177251053.0,4.39962,none,0,no_signal
2025-04-14 18:41:24,vechain,0.02369979,103473814.0,5.14599,none,0,no_signal
2025-04-14 18:41:24,bonk,1.291e-05,126169040.0,2.85942,none,0,no_signal
2025-04-14 18:41:27,fartcoin,0.928642,399945894.0,18.48398,none,0,insufficient_funds
2025-04-14 19:22:37,stellar,0.241571,165363465.0,1.98381,none,0,no_signal
2025-04-14 19:22:39,bitcoin-cash,325.04,279006430.0,-5.69825,none,0,no_signal
2025-04-14 19:22:39,hyperliquid,15.66,122636538.0,2.93392,none,0,no_signal
2025-04-14 19:22:41,ondo-finance,0.879124,175133839.0,4.01637,none,0,no_signal
2025-04-14 19:23:47,vechain,0.02354334,104172036.0,4.07334,none,0,no_signal
2025-04-14 19:23:49,render-token,3.93,323929008.0,4.82024,none,0,no_signal
2025-04-14 19:23:51,fartcoin,0.940409,404104521.0,18.36187,none,0,no_signal
2025-04-14 19:23:52,bonk,1.286e-05,123311872.0,2.66169,none,0,no_signal
2025-04-14 19:24:17,hyperliquid,15.67,122587116.0,2.96836,none,0,no_signal
2025-04-14 19:24:18,stellar,0.241597,165385120.0,1.99463,none,0,no_signal
2025-04-14 19:36:37,bitcoin-cash,324.49,279019999.0,-5.50912,none,0,no_signal
2025-04-14 19:36:37,hyperliquid,15.79,121746489.0,3.4895,none,0,no_signal
2025-04-14 19:36:39,ondo-finance,0.880897,174457148.0,4.39714,none,0,no_signal
2025-04-14 19:36:40,render-token,3.93,324906373.0,5.04318,none,0,no_signal
2025-04-14 19:37:48,vechain,0.0235284,102716431.0,3.90372,none,0,no_signal
2025-04-14 19:37:49,fartcoin,0.924,405576350.0,16.9845,none,0,no_signal
2025-04-14 19:37:50,story-2,3.8,138509537.0,-2.75092,none,0,no_signal
2025-04-14 19:37:51,bonk,1.285e-05,122779597.0,2.60125,none,0,no_signal
2025-04-14 19:38:16,hyperliquid,15.8,121746814.0,3.50648,none,0,no_signal
2025-04-14 19:38:16,ondo-finance,0.880861,174467709.0,4.39288,none,0,no_signal
2025-04-14 19:39:21,bitcoin-cash,324.4,278836694.0,-5.53458,none,0,no_signal
2025-04-14 19:39:24,render-token,3.93,325233649.0,5.1362,none,0,no_signal
2025-04-14 19:39:28,vechain,0.02352154,102828279.0,3.87344,none,0,no_signal
2025-04-14 19:39:31,fartcoin,0.922617,405014650.0,16.80941,none,0,no_signal
2025-04-14 19:40:36,bonk,1.287e-05,122777610.0,2.73289,none,0,no_signal
2025-04-14 19:40:36,story-2,3.81,138573871.0,-2.60506,none,0,no_signal
2025-04-14 19:41:00,hyperliquid,15.8,121724151.0,3.60773,none,0,no_signal
2025-04-14 19:41:02,bitcoin-cash,324.43,278805574.0,-5.52456,none,0,no_signal
2025-04-14 19:41:04,ondo-finance,0.88109,169798292.0,4.41997,none,0,no_signal
2025-04-14 21:05:18,bitcoin-cash,323.45,269345124.0,-7.82733,none,0,no_signal
2025-04-14 21:05:19,hyperliquid,15.96,41490737.0,2.6658,none,0,no_signal
2025-04-14 21:05:20,ondo-finance,0.888369,216123909.0,3.27461,none,0,no_signal
2025-04-14 21:05:21,render-token,4.0,318368074.0,4.11547,none,0,no_signal
2025-04-14 21:06:28,vechain,0.02329946,114320929.0,1.69421,none,0,no_signal
2025-04-14 21:06:28,bonk,1.277e-05,123286219.0,-1.85662,none,0,no_signal
2025-04-14 21:06:31,fartcoin,0.923769,403926363.0,11.95705,none,0,no_signal
2025-04-14 21:06:56,bitcoin-cash,323.27,282556012.0,-7.88914,none,0,no_signal
2025-04-14 21:08:02,ondo-finance,0.885119,215198631.0,2.70294,none,0,no_signal
2025-04-14 21:08:07,hyperliquid,15.84,117649734.0,1.90609,none,0,no_signal
2025-04-14 21:08:07,bonk,1.273e-05,123024638.0,-2.02722,none,0,no_signal
2025-04-14 21:08:09,vechain,0.02328153,114159981.0,1.788,none,0,no_signal
2025-04-14 21:08:09,render-token,3.99,317581629.0,4.02595,none,0,no_signal
2025-04-14 21:09:16,fartcoin,0.913599,403722573.0,10.30663,none,0,no_signal
2025-04-14 21:09:41,bitcoin-cash,322.53,282014958.0,-8.0991,none,0,no_signal
2025-04-14 21:09:43,ondo-finance,0.882549,215024927.0,2.40478,none,0,no_signal
2025-04-14 21:10:50,bonk,1.271e-05,123095578.0,-2.24151,none,0,no_signal
2025-04-14 21:10:51,hyperliquid,15.84,117631004.0,1.91512,none,0,no_signal
2025-04-14 21:10:51,render-token,3.94,318457154.0,2.87469,none,0,no_signal
2025-04-14 21:10:55,vechain,0.02324486,114263257.0,1.62768,none,0,no_signal
2025-04-14 21:10:57,fartcoin,0.91024,402475529.0,9.90114,none,0,no_signal
2025-04-14 21:11:21,bitcoin-cash,322.36,281823161.0,-8.14941,none,0,no_signal
2025-04-14 21:11:23,ondo-finance,0.881692,215091955.0,2.3053,none,0,no_signal
2025-04-14 21:11:25,hyperliquid,15.84,117631004.0,1.91512,none,0,no_signal
2025-04-14 21:12:32,bonk,1.273e-05,123186422.0,-1.76054,none,0,no_signal
2025-04-14 21:12:33,render-token,3.94,318431615.0,2.78106,none,0,no_signal
2025-04-14 21:12:35,vechain,0.02326074,114340240.0,1.73438,none,0,no_signal
2025-04-14 21:12:39,fartcoin,0.911942,402651999.0,9.92469,none,0,no_signal
2025-04-14 21:13:00,bitcoin-cash,322.13,268118956.0,-8.54154,none,0,no_signal
2025-04-14 21:14:06,ondo-finance,0.882338,215207222.0,2.20631,none,0,no_signal
2025-04-14 21:14:10,hyperliquid,15.94,34954254.0,2.95779,none,0,no_signal
2025-04-14 21:14:12,bonk,1.272e-05,123137004.0,-1.78164,none,0,no_signal
2025-04-14 21:14:16,render-token,3.94,317171488.0,2.79684,none,0,no_signal
2025-04-14 21:14:17,vechain,0.02324869,114315088.0,1.68169,none,0,no_signal
2025-04-14 21:15:22,fartcoin,0.910228,402703445.0,9.71802,none,0,no_signal
2025-04-14 21:15:43,ondo-finance,0.878921,172723486.0,1.81057,none,0,no_signal
2025-04-14 21:15:45,bitcoin-cash,321.92,266313119.0,-8.60018,none,0,no_signal
2025-04-14 21:16:56,bonk,1.273e-05,123071561.0,-1.39575,none,0,no_signal
2025-04-14 21:16:57,hyperliquid,15.86,116485431.0,2.66902,none,0,no_signal
2025-04-14 21:16:58,render-token,3.94,319212480.0,2.77609,none,0,no_signal
2025-04-14 21:17:01,vechain,0.02323737,104952333.0,1.74413,none,0,no_signal
2025-04-14 21:17:02,fartcoin,0.909969,402984394.0,9.82709,none,0,no_signal
2025-04-14 21:17:23,ondo-finance,0.879085,172759892.0,1.87627,none,0,no_signal
2025-04-14 21:18:28,bitcoin-cash,322.07,265948890.0,-8.77148,none,0,no_signal
2025-04-14 21:18:36,bonk,1.273e-05,123020090.0,-1.37372,none,0,no_signal
2025-04-14 21:18:37,hyperliquid,15.87,116581737.0,2.7579,none,0,no_signal
2025-04-14 21:18:40,vechain,0.02325148,104923271.0,1.80593,none,0,no_signal
2025-04-14 21:19:45,fartcoin,0.911527,403542317.0,10.01516,none,0,no_signal
2025-04-14 21:19:45,render-token,3.94,316529519.0,2.79586,none,0,no_signal
2025-04-14 21:20:05,bitcoin-cash,322.12,265198886.0,-8.75744,none,0,no_signal
2025-04-14 21:20:07,ondo-finance,0.877797,172824376.0,1.72699,none,0,no_signal
2025-04-14 21:20:16,hyperliquid,15.88,116602257.0,2.76802,none,0,no_signal
2025-04-14 21:21:20,bonk,1.272e-05,118928927.0,-1.72274,none,0,no_signal
2025-04-14 21:21:24,fartcoin,0.91175,403658179.0,9.46323,none,0,no_signal
2025-04-14 21:21:25,render-token,3.94,316589362.0,2.58028,none,0,no_signal
2025-04-14 21:22:31,vechain,0.02328444,104094825.0,1.95633,none,0,no_signal
2025-04-14 21:22:49,bitcoin-cash,322.13,264385363.0,-8.87034,none,0,no_signal
2025-04-14 21:22:50,ondo-finance,0.877329,172926726.0,0.77318,none,0,no_signal
2025-04-14 21:22:58,bonk,1.273e-05,118852795.0,-1.67314,none,0,no_signal
2025-04-14 21:23:00,hyperliquid,15.88,116712207.0,2.90455,none,0,no_signal
2025-04-14 21:24:10,fartcoin,0.911777,403410078.0,9.46644,none,0,no_signal
2025-04-14 21:24:12,render-token,3.93,319346940.0,2.33671,none,0,no_signal
2025-04-14 21:24:12,vechain,0.02328213,104214979.0,1.94618,none,0,no_signal
2025-04-14 21:24:28,bitcoin-cash,321.98,263985405.0,-8.91247,none,0,no_signal
2025-04-14 21:24:29,ondo-finance,0.877179,171923991.0,0.75594,none,0,risk_blocked
2025-04-14 21:25:42,bonk,1.275e-05,122434802.0,-1.47517,none,0,no_signal
2025-04-14 21:25:43,hyperliquid,15.88,116695967.0,2.90986,none,0,no_signal
2025-04-14 21:25:50,fartcoin,0.913842,403693519.0,9.06296,none,0,no_signal
2025-04-14 21:25:51,render-token,3.93,318772182.0,1.92625,none,0,no_signal
2025-04-14 21:25:53,vechain,0.02332476,104424350.0,2.23888,none,0,no_signal
2025-04-14 21:26:05,bitcoin-cash,322.16,263853835.0,-9.32465,none,0,no_signal
2025-04-14 21:27:12,ondo-finance,0.883803,215522042.0,1.69514,none,0,no_signal
2025-04-14 21:27:22,hyperliquid,15.88,116724291.0,2.94691,none,0,no_signal
2025-04-14 21:27:23,bonk,1.28e-05,122638498.0,-1.23913,none,0,no_signal
2025-04-14 21:27:30,render-token,3.94,317243479.0,1.95246,none,0,no_signal
2025-04-14 21:27:32,fartcoin,0.916133,403877564.0,9.33638,none,0,no_signal
2025-04-14 21:28:36,vechain,0.02337754,105840496.0,2.47023,none,0,no_signal
2025-04-14 21:28:52,bitcoin-cash,322.46,264182277.0,-9.24033,none,0,no_signal
2025-04-14 21:28:53,ondo-finance,0.879409,173133208.0,1.18955,none,0,no_signal
2025-04-14 21:29:00,bonk,1.284e-05,123023050.0,-0.92657,none,0,risk_blocked
2025-04-14 21:29:02,hyperliquid,15.99,41650930.0,3.63301,none,0,no_signal
2025-04-14 21:30:14,render-token,3.94,317022685.0,2.02982,none,0,no_signal
2025-04-14 21:30:18,fartcoin,0.917165,403673990.0,9.45947,none,0,no_signal
2025-04-14 21:30:18,vechain,0.02340146,105831409.0,2.57508,none,0,no_signal
2025-04-14 21:30:34,ondo-finance,0.879683,172902413.0,1.22103,none,0,no_signal
2025-04-14 21:31:38,bitcoin-cash,322.74,263720586.0,-9.19339,none,0,no_signal
2025-04-14 21:31:47,hyperliquid,16.0,41319229.0,4.24312,none,0,no_signal
2025-04-14 21:31:47,bonk,1.288e-05,123313196.0,-0.64526,none,0,risk_blocked
2025-04-14 21:31:56,render-token,3.96,318028424.0,2.6182,none,0,no_signal
2025-04-14 21:33:03,vechain,0.0234023,104768354.0,2.72923,none,0,no_signal
2025-04-14 21:33:04,fartcoin,0.924058,405030923.0,9.79679,none,0,no_signal
2025-04-14 21:33:17,bitcoin-cash,322.72,262919327.0,-9.19854,none,0,no_signal
2025-04-14 21:33:18,ondo-finance,0.880271,172887054.0,0.60402,none,0,no_signal
2025-04-14 21:33:26,hyperliquid,16.0,41318013.0,4.21738,none,0,no_signal
2025-04-14 21:34:29,bonk,1.29e-05,123277904.0,-0.50503,none,0,risk_blocked
2025-04-14 21:34:42,vechain,0.02341729,104794667.0,2.79503,none,0,no_signal
2025-04-14 21:34:42,render-token,3.97,318433715.0,2.67453,none,0,no_signal
2025-04-14 21:34:44,fartcoin,0.921692,405383030.0,9.51572,none,0,no_signal
2025-04-14 21:34:57,bitcoin-cash,322.97,262658774.0,-9.12972,none,0,no_signal
2025-04-14 21:36:06,ondo-finance,0.882698,172978100.0,0.88141,none,0,no_signal
2025-04-14 21:36:09,bonk,1.292e-05,123575270.0,-0.46446,none,0,risk_blocked
2025-04-14 21:36:11,hyperliquid,16.02,41386254.0,4.28937,none,0,no_signal
2025-04-14 21:36:22,vechain,0.02341843,104546635.0,2.92614,none,0,no_signal
2025-04-14 21:37:27,render-token,3.96,317990929.0,2.49075,none,0,no_signal
2025-04-14 21:37:29,fartcoin,0.919767,405686709.0,9.6986,none,0,no_signal
2025-04-14 21:37:43,bitcoin-cash,322.87,261915057.0,-8.96658,none,0,no_signal
2025-04-14 21:38:52,ondo-finance,0.883173,214819594.0,1.15244,none,0,no_signal
2025-04-14 21:38:55,bonk,1.291e-05,123613249.0,-0.50774,none,0,no_signal
2025-04-14 21:38:58,hyperliquid,15.88,116689823.0,3.39913,none,0,no_signal
2025-04-14 21:39:07,fartcoin,0.916779,405265824.0,9.34221,none,0,no_signal
2025-04-14 21:39:08,vechain,0.02340036,104793156.0,2.84673,none,0,no_signal
2025-04-14 21:39:08,render-token,3.95,321369760.0,2.2401,none,0,no_signal
2025-04-14 21:40:27,bitcoin-cash,322.72,261510277.0,-9.00896,none,0,no_signal
2025-04-14 21:40:31,ondo-finance,0.880982,172769653.0,0.90142,none,0,no_signal
2025-04-14 21:40:34,bonk,1.291e-05,123411200.0,-0.51895,none,0,no_signal
2025-04-14 21:41:43,hyperliquid,16.0,41639075.0,4.25139,none,0,no_signal
2025-04-14 21:41:51,fartcoin,0.918432,405792253.0,9.72546,none,0,no_signal
2025-04-14 21:41:53,render-token,3.96,318387888.0,2.33139,none,0,no_signal
2025-04-14 21:41:55,vechain,0.02341458,104721835.0,2.91232,none,0,no_signal
2025-04-14 21:42:09,bitcoin-cash,322.44,261285405.0,-8.99783,none,0,no_signal
2025-04-14 21:42:13,ondo-finance,0.880768,172672484.0,1.076,none,0,no_signal
2025-04-14 21:43:19,bonk,1.289e-05,115478003.0,-0.60489,none,0,no_signal
2025-04-14 21:43:21,hyperliquid,16.0,41256811.0,4.25053,none,0,no_signal
2025-04-14 21:43:30,fartcoin,0.919198,405943539.0,9.81703,none,0,no_signal
2025-04-14 21:43:33,render-token,3.96,318139559.0,2.32889,none,0,no_signal
2025-04-14 21:43:35,vechain,0.02341022,104692093.0,2.89316,none,0,no_signal
2025-04-14 21:44:54,bitcoin-cash,322.06,261277306.0,-9.10362,none,0,no_signal
2025-04-14 21:44:57,ondo-finance,0.880628,172522939.0,1.05983,none,0,no_signal
2025-04-14 21:45:00,bonk,1.291e-05,115645401.0,-0.46569,none,0,no_signal
2025-04-14 21:45:02,hyperliquid,16.01,41592949.0,4.30533,none,0,no_signal
2025-04-14 21:45:08,fartcoin,0.918524,405758134.0,9.73651,none,0,no_signal
2025-04-14 21:46:18,vechain,0.02341752,103949463.0,2.98772,none,0,no_signal
2025-04-14 21:46:20,render-token,3.97,321032252.0,2.63183,none,0,no_signal
2025-04-14 21:46:34,bitcoin-cash,322.02,260816166.0,-9.39275,none,0,no_signal
2025-04-14 21:47:42,ondo-finance,0.880976,172244351.0,1.44993,none,0,no_signal
2025-04-14 21:47:45,bonk,1.294e-05,119955057.0,-0.19902,none,0,risk_blocked
2025-04-14 21:47:49,hyperliquid,15.9,116700703.0,3.54095,none,0,no_signal
2025-04-14 21:47:51,fartcoin,0.921168,406426060.0,10.17088,none,0,no_signal
2025-04-14 21:49:01,vechain,0.02342577,103954047.0,3.02399,none,0,no_signal
2025-04-14 21:49:06,render-token,3.97,321056178.0,2.66924,none,0,no_signal
2025-04-14 21:49:17,bitcoin-cash,322.19,260738659.0,-9.34605,none,0,no_signal
2025-04-14 21:49:22,ondo-finance,0.882056,172662683.0,1.5743,none,0,no_signal
2025-04-14 21:49:23,bonk,1.298e-05,122588965.0,0.13222,none,0,risk_blocked
2025-04-14 21:50:34,hyperliquid,16.02,115850667.0,4.31953,none,0,no_signal
2025-04-14 21:50:37,fartcoin,0.923398,406851860.0,10.4375,none,0,no_signal
2025-04-14 21:50:41,vechain,0.02345361,104601084.0,3.14643,none,0,no_signal
2025-04-14 21:50:47,render-token,3.97,318550112.0,2.72498,none,0,no_signal
2025-04-14 21:50:58,bitcoin-cash,322.59,260628055.0,-8.57982,none,0,no_signal
2025-04-14 21:51:02,bonk,1.3e-05,124506294.0,0.33148,none,0,no_signal
2025-04-14 21:52:09,ondo-finance,0.882596,172712088.0,1.50126,none,0,no_signal
2025-04-14 21:52:13,hyperliquid,16.02,115855454.0,4.34146,none,0,no_signal
2025-04-14 21:52:16,fartcoin,0.920364,407150130.0,9.81095,none,0,no_signal
2025-04-14 21:52:18,vechain,0.02349461,106049588.0,3.47514,none,0,no_signal
2025-04-14 21:53:31,render-token,3.99,319910203.0,3.50023,none,0,no_signal
2025-04-14 21:53:44,bitcoin-cash,322.59,260473277.0,-8.58049,none,0,no_signal
2025-04-14 21:53:46,bonk,1.303e-05,120763280.0,0.55186,none,0,risk_blocked
2025-04-14 21:53:48,ondo-finance,0.882635,172726550.0,1.50581,none,0,no_signal
2025-04-14 21:53:54,hyperliquid,16.02,115872544.0,4.34662,none,0,no_signal
2025-04-14 21:55:01,vechain,0.02351646,106080800.0,3.57136,none,0,no_signal
2025-04-14 21:55:03,fartcoin,0.918897,407617057.0,9.63588,none,0,no_signal
2025-04-14 21:55:12,render-token,3.99,322337630.0,3.60706,none,0,no_signal
2025-04-14 21:55:23,bitcoin-cash,322.73,259485844.0,-8.5413,none,0,no_signal
2025-04-14 21:55:27,bonk,1.308e-05,125278010.0,0.94458,none,0,no_signal
2025-04-14 21:56:34,ondo-finance,0.883897,172946120.0,1.75155,none,0,no_signal
2025-04-14 21:56:40,vechain,0.02353748,106160878.0,3.64842,none,0,no_signal
2025-04-14 21:56:41,hyperliquid,16.04,116088868.0,4.52433,none,0,no_signal
2025-04-14 21:56:41,fartcoin,0.922196,407764466.0,10.2798,none,0,no_signal
2025-04-14 21:56:52,render-token,4.0,322386185.0,3.73504,none,0,no_signal
2025-04-14 21:57:01,bitcoin-cash,322.77,258283114.0,-7.96823,none,0,no_signal
2025-04-14 21:58:12,ondo-finance,0.884281,172959609.0,1.79569,none,0,no_signal
2025-04-14 21:58:13,bonk,1.309e-05,123550497.0,1.18393,none,0,no_signal
2025-04-14 21:58:19,vechain,0.02355499,105450279.0,3.72553,none,0,no_signal
2025-04-14 21:58:21,hyperliquid,16.04,116072032.0,4.52808,none,0,no_signal
2025-04-14 21:58:23,fartcoin,0.921732,407849849.0,10.22434,none,0,no_signal
2025-04-14 21:59:36,render-token,4.01,320932734.0,4.02899,none,0,no_signal
2025-04-14 21:59:46,bitcoin-cash,322.68,257766002.0,-7.99488,none,0,no_signal
2025-04-14 21:59:51,ondo-finance,0.884246,172985799.0,1.79171,none,0,no_signal
2025-04-14 21:59:51,bonk,1.31e-05,125609544.0,1.25198,none,0,no_signal
2025-04-14 22:01:03,vechain,0.0235545,105755835.0,3.72335,none,0,risk_blocked
2025-04-14 22:01:03,hyperliquid,16.12,41773797.0,5.07655,none,0,risk_blocked
2025-04-14 22:01:09,fartcoin,0.919834,406857083.0,9.99741,none,0,risk_blocked
2025-04-14 22:01:13,render-token,4.01,320845108.0,4.04083,none,0,no_signal
2025-04-14 22:02:29,bitcoin-cash,322.68,257007109.0,-7.9346,none,0,no_signal
2025-04-14 22:02:35,bonk,1.308e-05,119740863.0,1.2714,none,0,no_signal
2025-04-14 22:03:40,ondo-finance,0.883902,206172529.0,2.17378,none,0,no_signal
2025-04-14 22:03:46,vechain,0.02355474,104248872.0,3.72274,none,0,risk_blocked
2025-04-14 22:03:48,hyperliquid,16.12,41802304.0,5.07317,none,0,no_signal
2025-04-14 22:03:52,fartcoin,0.917594,406201340.0,9.46507,none,0,risk_blocked
2025-04-14 22:03:55,render-token,4.0,323256269.0,3.96251,none,0,risk_blocked
2025-04-14 22:04:09,bitcoin-cash,322.67,256361918.0,-7.93844,none,0,risk_blocked
2025-04-14 22:04:17,bonk,1.307e-05,119721471.0,1.22715,none,0,no_signal
2025-04-14 22:05:20,ondo-finance,0.883411,206228373.0,2.11707,none,0,risk_blocked
2025-04-14 22:05:28,vechain,0.02355405,104408219.0,3.71969,none,0,no_signal
2025-04-14 22:05:28,hyperliquid,16.12,41811015.0,5.10589,none,0,risk_blocked
2025-04-14 22:05:30,fartcoin,0.913445,405962664.0,8.97018,none,0,no_signal
2025-04-14 22:05:35,render-token,4.0,323111939.0,3.94935,none,0,risk_blocked
2025-04-14 22:06:56,bitcoin-cash,322.67,252832073.0,-8.56121,none,0,no_signal
2025-04-14 22:07:04,ondo-finance,0.880659,170891171.0,1.63576,none,0,no_signal
2025-04-14 22:07:05,bonk,1.308e-05,119122403.0,0.85855,none,0,no_signal
2025-04-14 22:07:07,hyperliquid,16.13,41789889.0,4.83575,none,0,risk_blocked
2025-04-14 22:07:08,vechain,0.02360473,105667715.0,3.87067,none,0,no_signal
2025-04-14 22:08:16,fartcoin,0.912689,405904209.0,8.65731,none,0,no_signal
2025-04-14 22:08:20,render-token,3.99,313369147.0,3.74789,none,0,no_signal
2025-04-14 22:08:36,bitcoin-cash,322.55,252336692.0,-8.59327,none,0,no_signal
2025-04-14 22:09:47,bonk,1.307e-05,121686446.0,0.79285,none,0,risk_blocked
2025-04-14 22:09:49,vechain,0.02358421,104032744.0,3.78038,none,0,no_signal
2025-04-14 22:09:49,ondo-finance,0.881147,204169031.0,1.69207,none,0,no_signal
2025-04-14 22:09:52,hyperliquid,16.12,41930254.0,4.76976,none,0,no_signal
2025-04-14 22:09:56,fartcoin,0.909532,405478381.0,8.28149,none,0,no_signal
2025-04-14 22:10:01,render-token,3.99,313384551.0,3.75096,none,0,risk_blocked
2025-04-14 22:11:23,bitcoin-cash,322.6,251191806.0,-8.57898,none,0,no_signal
2025-04-14 22:11:28,bonk,1.31e-05,119701847.0,0.99892,none,0,no_signal
2025-04-14 22:11:28,ondo-finance,0.879521,170789922.0,1.50441,none,0,no_signal
2025-04-14 22:11:30,vechain,0.02361288,105763495.0,3.90653,none,0,no_signal
2025-04-14 22:12:35,hyperliquid,16.05,116338549.0,3.97449,none,0,risk_blocked
2025-04-14 22:12:42,fartcoin,0.907361,405382397.0,8.22366,none,0,no_signal
2025-04-14 22:12:44,render-token,4.0,313630239.0,3.85919,none,0,risk_blocked
2025-04-14 22:13:04,bitcoin-cash,322.73,251222649.0,-8.71189,none,0,no_signal
2025-04-14 22:13:06,bonk,1.311e-05,117852647.0,1.0969,none,0,no_signal
2025-04-14 22:13:07,ondo-finance,0.878995,170842555.0,1.07419,none,0,risk_blocked
2025-04-14 22:14:14,vechain,0.02363363,105814503.0,4.01007,none,0,risk_blocked
2025-04-14 22:14:14,hyperliquid,16.05,116342397.0,3.98509,none,0,no_signal
2025-04-14 22:14:19,fartcoin,0.90917,405085691.0,8.43949,none,0,no_signal
2025-04-14 22:14:24,render-token,4.0,314192080.0,4.01068,none,0,no_signal
2025-04-14 22:14:42,bitcoin-cash,322.68,251093600.0,-8.72648,none,0,no_signal
2025-04-14 22:15:47,bonk,1.313e-05,119774134.0,1.3025,none,0,risk_blocked
2025-04-14 22:15:49,ondo-finance,0.879142,170736036.0,1.09109,none,0,no_signal
2025-04-14 22:15:53,hyperliquid,16.06,116325874.0,3.74771,none,0,risk_blocked
2025-04-14 22:15:54,vechain,0.02363715,105834466.0,4.02556,none,0,no_signal
2025-04-14 22:16:00,fartcoin,0.90842,405154100.0,8.35001,none,0,risk_blocked
2025-04-14 22:17:08,render-token,4.0,314179624.0,4.02368,none,0,no_signal
2025-04-14 22:17:27,bitcoin-cash,322.63,250471574.0,-8.77866,none,0,no_signal
2025-04-14 22:17:27,ondo-finance,0.879328,170848549.0,1.2578,none,0,risk_blocked
2025-04-14 22:17:28,bonk,1.314e-05,119739106.0,1.36656,none,0,no_signal
2025-04-14 22:18:36,vechain,0.02362897,106318510.0,3.99095,none,0,risk_blocked
2025-04-14 22:18:37,hyperliquid,16.05,116576434.0,3.70845,none,0,risk_blocked
2025-04-14 22:18:43,fartcoin,0.906639,404984129.0,8.0829,none,0,risk_blocked
2025-04-14 22:18:47,render-token,4.0,314418036.0,4.00477,none,0,risk_blocked
2025-04-14 22:20:11,bitcoin-cash,322.64,250200595.0,-8.77472,none,0,risk_blocked
2025-04-14 22:20:11,ondo-finance,0.879037,170530155.0,1.22424,none,0,no_signal
2025-04-14 22:20:14,bonk,1.314e-05,117784610.0,1.34445,none,0,no_signal
2025-04-14 22:20:15,hyperliquid,16.05,116555572.0,3.69313,none,0,no_signal
2025-04-14 22:20:16,vechain,0.02361745,106345593.0,3.94024,none,0,risk_blocked
2025-04-14 22:21:28,fartcoin,0.902367,406250419.0,6.9772,none,0,risk_blocked
2025-04-14 22:21:30,render-token,3.99,315424857.0,3.58626,none,0,no_signal
2025-04-14 22:21:51,ondo-finance,0.879254,170716225.0,0.7814,none,0,no_signal
2025-04-14 22:21:54,bitcoin-cash,322.65,250119726.0,-8.85941,none,0,no_signal
2025-04-14 22:22:57,hyperliquid,16.12,116585451.0,3.22072,none,0,risk_blocked
2025-04-14 22:22:59,bonk,1.312e-05,117721473.0,0.75761,none,0,no_signal
2025-04-14 22:23:01,vechain,0.02360869,106240584.0,3.68472,none,0,risk_blocked
2025-04-14 22:23:08,fartcoin,0.90158,406368325.0,6.88399,none,0,no_signal
2025-04-14 22:23:10,render-token,3.99,315316632.0,3.5756,none,0,no_signal
2025-04-14 22:23:30,ondo-finance,0.878412,170286674.0,0.68485,none,0,no_signal
2025-04-14 22:24:38,bonk,1.311e-05,123742526.0,0.6571,none,0,risk_blocked
2025-04-14 22:24:38,hyperliquid,16.12,116635425.0,3.22682,none,0,no_signal
2025-04-14 22:24:40,bitcoin-cash,322.63,249944146.0,-8.86566,none,0,risk_blocked
2025-04-14 22:24:40,vechain,0.02357537,106218775.0,3.53839,none,0,risk_blocked
2025-04-14 22:24:49,render-token,3.99,315428314.0,3.52361,none,0,risk_blocked
2025-04-14 22:25:56,fartcoin,0.895338,406302879.0,6.14399,none,0,no_signal
2025-04-14 22:26:17,ondo-finance,0.878716,211462746.0,-0.08632,none,0,risk_blocked
2025-04-14 22:26:17,hyperliquid,16.12,116517757.0,2.71296,none,0,risk_blocked
2025-04-14 22:26:19,bonk,1.31e-05,123727238.0,0.59163,none,0,no_signal
2025-04-14 22:26:20,bitcoin-cash,322.55,250032270.0,-8.88809,none,0,no_signal
2025-04-14 22:27:24,vechain,0.02353768,106101031.0,2.77926,none,0,risk_blocked
2025-04-14 22:27:32,render-token,3.98,315962403.0,2.66662,none,0,risk_blocked
2025-04-14 22:27:36,fartcoin,0.890409,406609070.0,3.52121,none,0,no_signal
2025-04-14 22:27:56,hyperliquid,16.12,116477718.0,2.70933,none,0,risk_blocked
2025-04-14 22:27:57,ondo-finance,0.877962,211238845.0,-0.17203,none,0,risk_blocked
2025-04-14 22:29:03,vechain,0.02351888,104889112.0,2.69717,none,0,risk_blocked
2025-04-14 22:29:04,bitcoin-cash,322.42,249740127.0,-9.66926,none,0,no_signal
2025-04-14 22:29:07,bonk,1.305e-05,123318706.0,-0.54378,none,0,risk_blocked
2025-04-14 22:29:11,render-token,3.98,318463657.0,2.61267,none,0,no_signal
2025-04-14 22:29:13,fartcoin,0.888406,405281692.0,3.28838,none,0,no_signal
2025-04-14 22:30:40,ondo-finance,0.875937,210684980.0,-0.40226,none,0,no_signal
2025-04-14 22:30:42,hyperliquid,16.11,116415910.0,2.67841,none,0,no_signal
2025-04-14 22:30:43,bitcoin-cash,322.4,248843853.0,-9.67546,none,0,no_signal
2025-04-14 22:31:49,vechain,0.02349099,115519034.0,1.81087,none,0,risk_blocked
2025-04-14 22:31:50,bonk,1.303e-05,123018941.0,-1.77226,none,0,no_signal
2025-04-14 22:31:53,render-token,3.97,317658578.0,1.22839,none,0,risk_blocked
2025-04-14 22:32:00,fartcoin,0.884607,404392540.0,1.0899,none,0,no_signal
2025-04-14 22:32:21,ondo-finance,0.874718,210074991.0,-1.29019,none,0,no_signal
2025-04-14 22:32:21,bitcoin-cash,322.37,248431366.0,-10.91083,none,0,no_signal
2025-04-14 22:33:28,vechain,0.02341689,104656347.0,1.48972,none,0,no_signal
2025-04-14 22:33:28,bonk,1.302e-05,122760106.0,-1.84646,none,0,risk_blocked
2025-04-14 22:33:29,hyperliquid,16.11,116301489.0,1.14575,none,0,no_signal
2025-04-14 22:34:37,render-token,3.95,318031730.0,0.65602,none,0,risk_blocked
2025-04-14 22:34:47,fartcoin,0.883998,401619064.0,1.02028,none,0,no_signal
